Text, Day________(aimai)
é‡ŒèŠ‹æ ¹ä¸­+ã‚ªãƒªãƒ¼ãƒ–ã‚ªã‚¤ãƒ«ã€€é›»å­ãƒ¬ãƒ³ã‚¸ã€€ãƒãƒ³ï¼ï¼ˆæ ¹èŠ½ã€€åœŸä¸­ã¸), Day12525(aimai date)
é‡ŒèŠ‹ã€€ãƒ—ãƒªãƒ³ä½“ã€€å°‘, Day12525(aimai date)
å±±æ£®ãƒã‚³ãƒ³ï¼ï¼ˆçˆ†å¼¾ï¼‰ãã®ã“ç”Ÿæ°—ğŸ“ˆã€‚, Day12525(aimai date)
âœ…åœ°çƒæœ(Uniqloï¼‰ã€€â€œé´ä¸‹â€ åšâ€é´ä¸‹â€ã€€ç·‘è‰²ãƒ»æ¸©è‰²â€é´ä¸‹â€, Day12525(aimai date)
æ³¥å›£å­+ç°ã€€ï¼ã€€ã‚³ãƒ­ã‚³ãƒ­æ³¥å›£å­, Day12525(aimai date)
ç‰›ä¹³å†é…ã€€ç‰›ä¹³ã¨ã€€ãªãƒ’ãƒˆç”Ÿæ°—ğŸ“ˆã€‚, Day12525(aimai date)
â—¯___è‰ã‹æ¯ã‚Œã€‚ãã®ã¾ã¾åœŸä¸Šã‚ã‚Œã€‚, Day12525(aimai date)
âœ–ï¸ãƒ•ã‚£ãƒ–ãƒªãƒ«ã€€é«ªã€€ã‚¯ãƒ­ãƒƒã‚·ãƒ³ã‚° | 2æ£’ã€€æŒ¯å‹•æ³¢, Day12525(aimai date)
4å¹¸ç¦ / 16 hours | 4å¹¸ç¦ / ç¡çœ æœŸ 8 hours , Day12525(aimai date)
ã€Œå¹¸ç¦ãªã£ãŸã‚‰è·¯æ¨ªã¸ã€‚ã€ æ–°ã—ã„å¹¸ç¦åŒ–è€…ã€€é€šã‚‹ãªã‚‹ã€‚, Day12525(aimai date)
ã€Œï¼ˆè·¯çœŸã‚“ä¸­ï¼‰ã€ å¹¸ç¦åŒ–ä¸­ã€‚åœ°çƒç”Ÿæ°—ğŸ“ˆåŒ–ä¸­ã€‚, Day12525(aimai date)
ğŸ“„ãƒ¦ãƒ‹ã‚¯ãƒ­ã€€å±±å£åŸŸãƒ»æ ƒæœ¨åŸŸãƒ»ç¾¤é¦¬åŸŸãƒ»èŒ¨åŸåŸŸãƒ»åƒè‘‰åŸŸãƒ»å±±æ¢¨åŸŸã€€ç¾ŠåŸŸï¼ˆç¾Šç”Ÿæ°—ğŸ“ˆï¼‰åŒ–, Day12525(aimai date)
ãƒãƒ¥ãƒ¼ãƒ–ç³¸ã€€ä¸‰ã¤ç·¨ã¿ã€€ï¼ˆæµ®æœï¼‰, Day12525(aimai date)
ï¼ˆ45ã‚·ã‚¹ãƒ†ãƒ ï¼‰4å††ãªã‚‰1å¤§å††ãªã‚‹ã€‚, Day12524(aimai date)
çƒç”Ÿä½“ã€å¤§é›²ã€€å¤§ä¸¸é›²åŒ–ã€€ãªèƒ½åŠ›ã‚ã‚‹ã€€ã‹ã€‚, Day12524(aimai date)
ãã®ã“åŸŸï¼æ¥½åœ’ãªã£ãŸæœŸæ „é¤Šã‚‚ã†ã„ã£ã±ã„ã€€ãªå‹•ç”Ÿä½“ã®é£ŸåŸŸã€‚, Day12524(aimai date)
ğŸ“„ iOS ã‚«ãƒ¡ãƒ©éŸ³0è¨­å®š #ğŸ“§iOS, Day12524(aimai date)
[Tsuchiooegreen] Lycium chinense Mill(kuko), Day12521(aimai date)
AFGKLMOPLS abokado fruits garden|gobou karium(potassium) leaf milk orive(oil) palmtree(oil) rosemary strawberry, Day12519(aimai date)
