遊牧域　未だパプリカ・トマト・”サラダほうれん草”少ない。高身長域　って　パプリカとかトマトとか”サラダほうれん草”とか📈　な　低浸透圧食域。遊牧域羊たち　って　高浸透圧な牧草だけ食べさせられ　つらい　な　食期。羊、牧草食　＋　パプリカ食　＋　トマト食　なら　きっと　生気📈。（実食　って　乳力📉、牧草食って乳力📈）, E i 12574(aimai)
船港　って　茶小木培倍　な　域。, E i 12574(aimai)
脱脂粉乳人工品域　って　草木灰📈 パプリカ木📈。, E i 12574(aimai)
脱脂粉乳域　と　草木灰　と　パプリカ木, E i 12574(aimai)
脱脂粉乳域　と　草木灰, E i 12574(aimai)
脱脂粉乳と草木灰, E i 12574(aimai)
牛乳（牛域）　って　パプリカ📈　な　生気。, E i 12574(aimai)
牛乳パプリカ, E i 12574(aimai)
[cooking]パプリカ品+脱脂粉乳+水, E i 12574(aimai)
[cooking]1.ほうれん草+水　熱。2.やわらかほうれん草+脱脂粉乳+水。, E i 12574(aimai)
トマト液　木域土　木生気📈。, E i 12574(aimai)
茶小木　と　船中光（培ドーム船）, E i 12574(aimai)
