data pond 価, E i 12541 (aimai)
布　水, E i 12541 (aimai)
トマト箱　アルカリン水　レンジチン, E i 12541 (aimai)
フルーツ　pureing_ash, E i 12541 (aimai)
トマト　pureing_ash, E i 12541 (aimai)
フルーツ　アルカリン水, E i 12541 (aimai)
トマト　アルカリン水, E i 12541 (aimai)
（トマトジュース　再配　16品　店boxへ。）, E i 12541 (aimai)
きのこ　カリウム少ない。きのこ　異物, E i 12541 (aimai)
フィブリルってカリウムな, E i 12541 (aimai)
カリウム多ほどfoods カリウム少ないほど異物, E i 12541 (aimai)
熱域ってカリウム, E i 12541 (aimai)
合成って熱域, E i 12541 (aimai)
酸化ドミノ　って　温暖な。, E i 12541 (aimai)
タール自体　エマルジョン。煙　って　微小灰。, E i 12541 (aimai)
多食　カリウム📈　二酸化硫黄吸着　アルカリン（アルカリン温泉水・草木灰）　硫黄📈酸素📈　硫黄”呼吸”📈”酸素”呼吸📈　ATP📈。, E i 12541 (aimai)
[歌]　屁吸おっか　あ　異物（カリウム少ない）　, E i 12541 (aimai)
燃焼　発酵熱　うんこ　カリウム📈　燃焼　って　カリウム📈。, E i 12541 (aimai)
ウリと硫黄温泉水　ウリ葉表面硫黄”呼吸”な　カビ📉　ウリ📈, E i 12541 (aimai)
カビ症辛いなら　表皮　硫黄”呼吸”な　牛乳風呂とフルーツ📈（カリウム📈）な生方。硫黄”呼吸” カビ📉。, E i 12541 (aimai)
（きのこ　タール小工能。), E i 12541 (aimai)
O2S O=S=O + グリーン光合成　co2 c o2 グリーン中　小工能　グリーン残渣　… 微生物、粘土📈能　（おおう　生📈）（古草おおう　湿潤・炭素・カリウム　生📈）（フィブリル　って　合成生）(プラスミン　って　異物）, E i 12541 (aimai)
温泉硫黄　島陸📈な生気な硫黄。温泉硫黄　燃焼なら　島陸📈な気📈, E i 12541 (aimai)
硫黄炉　域　温暖📈　フンガ・トンガ噴火, E i 12541 (aimai)
ビオセボンオリーブポテトチップス, E i 12541 (aimai)
四国香川オリーブポテトチップス, E i 12541 (aimai)
輸入品飲むほどエマルジョンなった。, E i 12541 (aimai)
大きな葉なったら　手　葉とる　ジンジャー|ターメリック, E i 12541 (aimai)
videos moving niji. data pond. to vimeo., E i 12541 (aimai)
ひまわり　南極太陽な, E i 12541 (aimai)
[求　データ]炭メディウム木, E i 12541 (aimai)
[zinmuzin域]マタタビ木キウイ, E i 12541 (aimai)
草木灰売者, E i 12541 (aimai)
おせち ossechi | os ecchi | os h | os 水素 | アルカリン（草木灰）得るなら, E i 12541 (aimai)
おせち　って　寒術データ蓄積　か。, E i 12541 (aimai)
”世知辛い　お世知　人気少ない_な_北域なら　お世地（実と）”, E i 12541 (aimai)
おせち　人気0な余品　料理なった盛ったらヒトいっぱいなった　か。, E i 12541 (aimai)
おせち　って　”寒術”料理　（か）, E i 12541 (aimai)
川わさび下葉たばこ, E i 12541 (aimai)
山わさび下葉たばこ, E i 12541 (aimai)
[zinmuzin域]ゲーム　乳おいしい　牧草食う, E i 12541 (aimai)
[zinmuzin域]httpゲーム　VTuberと水性ガムテープ, E i 12541 (aimai)
[zinmuzin域][cooking]（ウリ100％ヌードル　トマト100パーセントスープ　バジル　塩発酵品（港なら柑橘　内陸ならケッパー）　oilオリーブ|ヤシ実）, E i 12541 (aimai)
川　避難者避難路。, E i 12541 (aimai)
川　桜域　人工品（TCP/IPとか）と人工建品ずっとマンのウリ園（ゴーヤ・メロン・スイカ・ウリ・小赤ウリ・小黄色ウリ）　小建品な小囲う　な人工農。, E i 12541 (aimai)
文字と絵なら絵　な宇宙。, E i 12541 (aimai)
（笑わんの期）, E i 12541 (aimai)
[データ]青森大学キャンパス　川域　”葛西” （大山島北端な大学、湿潤な生気📈な論文域。）, E i 12541 (aimai)
[zinmuzin域]（大山域語なスペイン語　スペイン語大山域語）, E i 12541 (aimai)
[zinmuzin域]（スイカゲーム、スペイン語）, E i 12541 (aimai)