text, E i ________ (aimai)
アボカド　クリームチーズ　レンジチン！, E i 12540(aimai)
焼き芋　アボカド　ブロッコリー　”ランチボックス”, E i 12540(aimai)
ポテト　アボカド　クリームチーズ, E i 12540(aimai)
アボカド ”片栗粉”　塩, E i 12540(aimai)
Prunus salicina Lindl. ”sumomo”, E i 12540(aimai)
Prunus mume(Siebold) Siebold & Zucc. ”ume”, E i 12540(aimai)
Hippophae rhamnoides L. ”Common sea-buckthorn”, E i 12540(aimai)
Myrciaria dubia (Kunth) McVaugh ”Camu camu”, E i 12540(aimai)
Terminalia ferdinandiana Exell ”Kakadu plum”, E i 12540(aimai)
山の下域　桜木域　って　人工品域。桜木域パーセント（山の下域）　人工品パーセント。人工品技術者パーセント　桜木域　”人口”パーセント　±”誤差” 予測算　きっとデータなる。（桜葉って毒体内Kカリウム📉。）, E i 12540(aimai)
火山ふんか期、ヒト　論文・pdf📈な期。さくら島、いもなべ島人工機器島　か。さといも　Kカリウム📈　さつまいも　ごぼう　しんどう📈　地下水吸水能　しつじゅん📈、大雨島、長芋。潮風と湿潤　ミネラル・過剰塩　塩耐性グリーン島。1.いもカリウム📈 2.塩耐性グリーン生島 3.塩耐性品種　ろんぶんデータ📈域（ウリ・メロン・スイカ・…。） , E i 12540(aimai)
コレステロール　”乳化”（エマルジョン）なった　な　たんぱくと油（”脂質”）。（コレステロール自体、アルカリン。”たんぱく質”・”脂質”食うほど”乳化”（エマルジョン）なアルカリンいるなる。（癌細胞　ってアルカリン液📈な能。）, E i 12540(aimai)
乳カゼイン+油フルーツ+アルカリン灰、大気食。”たんぱく質”50% ”脂質”50%　なコレステロール、乾域　小さいなった　なデータあった。, E i 12540(aimai)
マグマ（マントル）　Kカリウム、フルーツってマグマ（マントル）, E i 12540(aimai)
赤光アルカリン温泉, E i 12540(aimai)
下葉たばこ, E i 12540(aimai)
紫葉　カリウム　データ, E i 12540(aimai)
ゲットウ　カリウム　データ, E i 12540(aimai)
