text, E i ________
多年草カモミール・タイム・炭酸水　ペットボトル品, E i 12540 (aimai)
バジル炭酸水　ペットボトル品, E i 12540 (aimai)
ナチュラルトマト（小木トマト）, E i 12540 (aimai)
南島　種posting 配達者実食った生気📈　北路種落カリ路　あの実かこれこれ。, E i 12540 (aimai)
Fruitygarden south, E i 12540 (aimai)
万家・全家　南家札　南家フルーツ・柿婆, E i 12540 (aimai)
根　太さ　と　芽　多さ, E i 12540 (aimai)
葉枯草　ATP欲　根草地球。, E i 12540 (aimai)
ウコン　枯能　芽ATP 葉なったら葉枯　ATP欲, E i 12540 (aimai)
(pre)ウコン　熱欲　マグネシウム　ウコン呼ぶロシア　マグネシウムと南下。
(pre)ウコン　熱欲　焼けよ焼けよと　温暖地　ならば自受火　熱ならここ。, E i 12540 (aimai)
(pre)アルカリングリーン　カリ寄った　葉コントラスト📈, E i 12540 (aimai)
(pre)ウコン　焼風　カリ少ない　灰も　来ん, E i 12540 (aimai)
紫草池　人気, E i 12540 (aimai)
紫草も生　食うなら　雲かな　人生気　土ほる。, E i 12540 (aimai)
紫草　灰も遊火　ミネラル・湿潤フルーツザクロな生域　紫草花　蜂いっぱいな　行くならしかしデータと。, E i 12540 (aimai)
紫草と　な生気　野　あの世　心も梨　楽, E i 12540 (aimai)
紫草　食うも食わんも　水（川）な　水（川）橋生　通る　か　骨生気📈。, E i 12540 (aimai)
katakuri mannjyū katakuri 100%. , E i 12540 (aimai)
きのこ　唐辛子　ナス　トマト　（発酵ペッパーレッド）　レモン　（シナモン）　シソ　鍋　菜食Kカリウム火鍋, E i 12540 (aimai)
📈　トマト　オリーブ実　実(パプリカ|オレンジ) … バジル　シソ　… ケッパー枝蕾, E i 12540 (aimai)
📈　多年草カモミールティー　タイム, E i 12540 (aimai)
📈　トマト箱　オイルオリーブ　シソ　バジル　ケッパー　パプリカ|オレンジ, E i 12540 (aimai)
トマト箱　オイルオリーブ　シソ, E i 12540 (aimai)
caper 4品 島胃📈, E i 12540 (aimai)
まんこ性　スペイン-アルゼンチン語。, E i 12540 (aimai)
