Text, E i ________
[cooking]ピーマン　capper, E i 12556 (aimai)
漆喰　アルカリン。, E i 12556 (aimai)
谷地林業 木灰 「純」  + 水、上水　飲む, E i 12556 (aimai)
ほうれん草　アルカリン水　ナス, E i 12556 (aimai)
CERN, E i 12556 (aimai)
地中海”言語” データ　もっと, E i 12556 (aimai)
ナス, E i 12556 (aimai)
1 Kカリウム原子核合能。2・3・…原子核合能　データ, E i 12556 (aimai)
C Si K も　葉大根。, E i 12556 (aimai)
カメ　と　ストレートヘアかつら, E i 12556 (aimai)
ストレートヘア写真　1枚1価, E i 12556 (aimai)
（ナチュラル（自然）ストレートヘア写真　1家1枚）, E i 12556 (aimai)
[cooking]パプリカ赤　ポテト　レンジチン、ポテト　パプリカ中へ　かたくり”パウダー”、レンジチン。, E i 12556 (aimai)
一域4波4温暖, E i 12556 (aimai)
4^n 4・16・64, E i 12556 (aimai)
かぶ　と　牛乳　浸透圧　かぶ　<> 牛乳, E i 12556 (aimai)
zone9 だいこん　4収穫期　4seeds, E i 12556 (aimai)
じゃがいも　と　トマトペースト, E i 12556 (aimai)
じゃがいも・カゼイン牛乳”パウダー”+だいこん”パウダー”+吸水”ラップ” 低浸透圧ヌードル, E i 12556 (aimai)
